POA_CODE_2021,PHN_NAME_2017
800,Northern Territory
810,Northern Territory
812,Northern Territory
820,Northern Territory
822,
822,Northern Territory
828,Northern Territory
829,Northern Territory
830,Northern Territory
832,Northern Territory
834,Northern Territory
835,Northern Territory
836,Northern Territory
837,Northern Territory
838,Northern Territory
839,Northern Territory
840,Northern Territory
841,Northern Territory
845,Northern Territory
846,Northern Territory
847,Northern Territory
850,Northern Territory
852,Northern Territory
853,Northern Territory
854,Northern Territory
860,Northern Territory
862,Northern Territory
870,Northern Territory
872,Country SA
872,Country WA
872,Northern Territory
873,Northern Territory
874,Northern Territory
875,Northern Territory
880,Northern Territory
885,Northern Territory
886,Northern Territory
2000,Central and Eastern Sydney
2007,Central and Eastern Sydney
2008,Central and Eastern Sydney
2009,
2009,Central and Eastern Sydney
2010,Central and Eastern Sydney
2011,Central and Eastern Sydney
2015,Central and Eastern Sydney
2016,Central and Eastern Sydney
2017,Central and Eastern Sydney
2018,Central and Eastern Sydney
2019,Central and Eastern Sydney
2020,Central and Eastern Sydney
2021,Central and Eastern Sydney
2022,Central and Eastern Sydney
2023,Central and Eastern Sydney
2024,Central and Eastern Sydney
2025,Central and Eastern Sydney
2026,Central and Eastern Sydney
2027,Central and Eastern Sydney
2028,Central and Eastern Sydney
2029,Central and Eastern Sydney
2030,Central and Eastern Sydney
2031,Central and Eastern Sydney
2032,Central and Eastern Sydney
2033,Central and Eastern Sydney
2034,Central and Eastern Sydney
2035,Central and Eastern Sydney
2036,Central and Eastern Sydney
2037,Central and Eastern Sydney
2038,Central and Eastern Sydney
2039,Central and Eastern Sydney
2040,Central and Eastern Sydney
2041,Central and Eastern Sydney
2042,Central and Eastern Sydney
2043,Central and Eastern Sydney
2044,Central and Eastern Sydney
2045,Central and Eastern Sydney
2046,Central and Eastern Sydney
2047,Central and Eastern Sydney
2048,Central and Eastern Sydney
2049,Central and Eastern Sydney
2050,Central and Eastern Sydney
2060,Northern Sydney
2061,Northern Sydney
2062,Northern Sydney
2063,Northern Sydney
2064,Northern Sydney
2065,Northern Sydney
2066,Northern Sydney
2067,Northern Sydney
2068,Northern Sydney
2069,Northern Sydney
2070,Northern Sydney
2071,Northern Sydney
2072,Northern Sydney
2073,Northern Sydney
2074,Northern Sydney
2075,Northern Sydney
2076,Northern Sydney
2077,Northern Sydney
2079,Northern Sydney
2080,Northern Sydney
2081,Northern Sydney
2082,Northern Sydney
2083,Northern Sydney
2083,Hunter New England and Central Coast
2084,Northern Sydney
2085,Northern Sydney
2086,Northern Sydney
2087,Northern Sydney
2088,Northern Sydney
2089,Northern Sydney
2090,Northern Sydney
2092,Northern Sydney
2093,Northern Sydney
2094,Northern Sydney
2095,Northern Sydney
2096,Northern Sydney
2097,Northern Sydney
2099,Northern Sydney
2100,Northern Sydney
2101,Northern Sydney
2102,Northern Sydney
2103,Northern Sydney
2104,Northern Sydney
2105,Northern Sydney
2106,Northern Sydney
2107,Northern Sydney
2108,Northern Sydney
2110,Central and Eastern Sydney
2110,Northern Sydney
2111,Northern Sydney
2112,Northern Sydney
2113,Northern Sydney
2114,Northern Sydney
2114,Western Sydney
2115,Western Sydney
2116,Western Sydney
2117,Western Sydney
2118,Northern Sydney
2118,Western Sydney
2119,Northern Sydney
2120,Northern Sydney
2121,Northern Sydney
2121,Western Sydney
2122,Northern Sydney
2122,Western Sydney
2125,Northern Sydney
2125,Western Sydney
2126,Northern Sydney
2127,Central and Eastern Sydney
2127,Western Sydney
2128,Western Sydney
2130,Central and Eastern Sydney
2131,Central and Eastern Sydney
2132,Central and Eastern Sydney
2133,Central and Eastern Sydney
2134,Central and Eastern Sydney
2135,Central and Eastern Sydney
2136,Central and Eastern Sydney
2137,Central and Eastern Sydney
2138,Central and Eastern Sydney
2140,Central and Eastern Sydney
2141,Western Sydney
2142,Western Sydney
2143,Western Sydney
2143,South Western Sydney
2144,Western Sydney
2145,Western Sydney
2146,Western Sydney
2147,Western Sydney
2148,Western Sydney
2150,Western Sydney
2151,Western Sydney
2152,Western Sydney
2153,Western Sydney
2154,Northern Sydney
2154,Western Sydney
2155,Western Sydney
2156,Northern Sydney
2156,Western Sydney
2157,Northern Sydney
2157,Western Sydney
2158,Northern Sydney
2158,Western Sydney
2159,Northern Sydney
2160,Western Sydney
2161,Western Sydney
2161,South Western Sydney
2162,Western Sydney
2162,South Western Sydney
2163,South Western Sydney
2164,Western Sydney
2164,South Western Sydney
2165,Western Sydney
2165,South Western Sydney
2166,South Western Sydney
2167,South Western Sydney
2168,South Western Sydney
2170,South Western Sydney
2171,South Western Sydney
2172,Central and Eastern Sydney
2172,South Western Sydney
2173,Central and Eastern Sydney
2173,South Western Sydney
2174,South Western Sydney
2175,South Western Sydney
2176,South Western Sydney
2177,South Western Sydney
2178,Nepean Blue Mountains
2178,South Western Sydney
2179,South Western Sydney
2190,Central and Eastern Sydney
2190,South Western Sydney
2191,Central and Eastern Sydney
2192,Central and Eastern Sydney
2193,Central and Eastern Sydney
2194,Central and Eastern Sydney
2195,Central and Eastern Sydney
2196,Central and Eastern Sydney
2196,South Western Sydney
2197,South Western Sydney
2198,South Western Sydney
2199,South Western Sydney
2200,South Western Sydney
2203,Central and Eastern Sydney
2204,Central and Eastern Sydney
2205,Central and Eastern Sydney
2206,Central and Eastern Sydney
2207,Central and Eastern Sydney
2208,Central and Eastern Sydney
2209,Central and Eastern Sydney
2210,Central and Eastern Sydney
2211,South Western Sydney
2212,South Western Sydney
2213,South Western Sydney
2214,South Western Sydney
2216,Central and Eastern Sydney
2217,Central and Eastern Sydney
2218,Central and Eastern Sydney
2219,Central and Eastern Sydney
2220,Central and Eastern Sydney
2221,Central and Eastern Sydney
2222,Central and Eastern Sydney
2223,Central and Eastern Sydney
2224,Central and Eastern Sydney
2225,Central and Eastern Sydney
2226,Central and Eastern Sydney
2227,Central and Eastern Sydney
2228,Central and Eastern Sydney
2229,Central and Eastern Sydney
2230,Central and Eastern Sydney
2231,Central and Eastern Sydney
2232,Central and Eastern Sydney
2233,Central and Eastern Sydney
2234,Central and Eastern Sydney
2250,Nepean Blue Mountains
2250,Hunter New England and Central Coast
2251,Hunter New England and Central Coast
2256,Hunter New England and Central Coast
2257,Hunter New England and Central Coast
2258,Hunter New England and Central Coast
2259,Hunter New England and Central Coast
2260,Hunter New England and Central Coast
2261,Hunter New England and Central Coast
2262,Hunter New England and Central Coast
2263,Hunter New England and Central Coast
2264,Hunter New England and Central Coast
2265,Hunter New England and Central Coast
2267,Hunter New England and Central Coast
2278,Hunter New England and Central Coast
2280,Hunter New England and Central Coast
2281,Hunter New England and Central Coast
2282,Hunter New England and Central Coast
2283,Hunter New England and Central Coast
2284,Hunter New England and Central Coast
2285,Hunter New England and Central Coast
2286,Hunter New England and Central Coast
2287,Hunter New England and Central Coast
2289,Hunter New England and Central Coast
2290,Hunter New England and Central Coast
2291,Hunter New England and Central Coast
2292,Hunter New England and Central Coast
2293,Hunter New England and Central Coast
2294,Hunter New England and Central Coast
2295,Hunter New England and Central Coast
2296,Hunter New England and Central Coast
2297,Hunter New England and Central Coast
2298,Hunter New England and Central Coast
2299,Hunter New England and Central Coast
2300,Hunter New England and Central Coast
2302,Hunter New England and Central Coast
2303,Hunter New England and Central Coast
2304,Hunter New England and Central Coast
2305,Hunter New England and Central Coast
2306,Hunter New England and Central Coast
2307,Hunter New England and Central Coast
2308,Hunter New England and Central Coast
2311,Hunter New England and Central Coast
2312,Hunter New England and Central Coast
2315,Hunter New England and Central Coast
2316,Hunter New England and Central Coast
2317,Hunter New England and Central Coast
2318,Hunter New England and Central Coast
2319,Hunter New England and Central Coast
2320,Hunter New England and Central Coast
2321,Hunter New England and Central Coast
2322,Hunter New England and Central Coast
2323,Hunter New England and Central Coast
2324,Hunter New England and Central Coast
2325,Hunter New England and Central Coast
2326,Hunter New England and Central Coast
2327,Hunter New England and Central Coast
2328,Hunter New England and Central Coast
2329,Western NSW
2329,Hunter New England and Central Coast
2330,Nepean Blue Mountains
2330,Hunter New England and Central Coast
2331,Hunter New England and Central Coast
2333,Hunter New England and Central Coast
2334,Hunter New England and Central Coast
2335,Hunter New England and Central Coast
2336,Hunter New England and Central Coast
2337,Hunter New England and Central Coast
2338,Hunter New England and Central Coast
2339,Hunter New England and Central Coast
2340,Hunter New England and Central Coast
2341,Hunter New England and Central Coast
2342,Hunter New England and Central Coast
2343,Hunter New England and Central Coast
2344,Hunter New England and Central Coast
2345,Hunter New England and Central Coast
2346,Hunter New England and Central Coast
2347,Hunter New England and Central Coast
2350,Hunter New England and Central Coast
2352,Hunter New England and Central Coast
2353,Hunter New England and Central Coast
2354,Hunter New England and Central Coast
2355,Hunter New England and Central Coast
2356,Hunter New England and Central Coast
2357,Western NSW
2358,Hunter New England and Central Coast
2359,Hunter New England and Central Coast
2360,Hunter New England and Central Coast
2361,Hunter New England and Central Coast
2365,Hunter New England and Central Coast
2365,North Coast
2369,Hunter New England and Central Coast
2370,Hunter New England and Central Coast
2370,North Coast
2371,Hunter New England and Central Coast
2372,Hunter New England and Central Coast
2379,Western NSW
2379,Hunter New England and Central Coast
2380,Hunter New England and Central Coast
2381,Western NSW
2381,Hunter New England and Central Coast
2382,Hunter New England and Central Coast
2386,Western NSW
2386,Hunter New England and Central Coast
2387,Western NSW
2387,Hunter New England and Central Coast
2388,Western NSW
2388,Hunter New England and Central Coast
2390,Hunter New England and Central Coast
2395,Western NSW
2396,Western NSW
2397,Hunter New England and Central Coast
2398,Hunter New England and Central Coast
2399,Hunter New England and Central Coast
2400,Hunter New England and Central Coast
2401,Hunter New England and Central Coast
2402,Hunter New England and Central Coast
2403,Hunter New England and Central Coast
2404,Hunter New England and Central Coast
2405,Hunter New England and Central Coast
2406,Hunter New England and Central Coast
2406,Darling Downs and West Moreton
2406,Western Queensland
2408,Hunter New England and Central Coast
2409,Hunter New England and Central Coast
2410,Hunter New England and Central Coast
2411,Hunter New England and Central Coast
2415,Hunter New England and Central Coast
2420,Hunter New England and Central Coast
2421,Hunter New England and Central Coast
2422,Hunter New England and Central Coast
2423,Hunter New England and Central Coast
2424,Hunter New England and Central Coast
2425,Hunter New England and Central Coast
2426,Hunter New England and Central Coast
2427,Hunter New England and Central Coast
2428,Hunter New England and Central Coast
2429,Hunter New England and Central Coast
2429,North Coast
2430,Hunter New England and Central Coast
2431,North Coast
2439,North Coast
2440,Hunter New England and Central Coast
2440,North Coast
2441,North Coast
2443,Hunter New England and Central Coast
2443,North Coast
2444,North Coast
2445,North Coast
2446,North Coast
2447,North Coast
2448,North Coast
2449,North Coast
2450,North Coast
2452,North Coast
2453,Hunter New England and Central Coast
2453,North Coast
2454,North Coast
2455,North Coast
2456,North Coast
2460,Hunter New England and Central Coast
2460,North Coast
2462,North Coast
2463,North Coast
2464,North Coast
2465,North Coast
2466,North Coast
2469,Hunter New England and Central Coast
2469,North Coast
2470,North Coast
2471,North Coast
2472,North Coast
2473,North Coast
2474,North Coast
2475,North Coast
2476,Hunter New England and Central Coast
2476,North Coast
2477,North Coast
2478,North Coast
2479,North Coast
2480,North Coast
2481,North Coast
2482,North Coast
2483,North Coast
2484,North Coast
2485,North Coast
2486,North Coast
2487,North Coast
2488,North Coast
2489,North Coast
2490,North Coast
2500,South Eastern NSW
2502,South Eastern NSW
2505,South Eastern NSW
2506,South Eastern NSW
2508,Central and Eastern Sydney
2508,South Western Sydney
2508,South Eastern NSW
2515,South Eastern NSW
2516,South Eastern NSW
2517,South Eastern NSW
2518,South Eastern NSW
2519,South Eastern NSW
2525,South Eastern NSW
2526,South Eastern NSW
2527,South Eastern NSW
2528,
2528,South Eastern NSW
2529,South Eastern NSW
2530,South Eastern NSW
2533,South Eastern NSW
2534,South Eastern NSW
2535,South Eastern NSW
2536,South Eastern NSW
2537,South Eastern NSW
2538,South Eastern NSW
2539,South Eastern NSW
2540,South Eastern NSW
2541,South Eastern NSW
2545,South Eastern NSW
2546,South Eastern NSW
2548,South Eastern NSW
2549,South Eastern NSW
2550,South Eastern NSW
2551,South Eastern NSW
2555,Nepean Blue Mountains
2555,South Western Sydney
2556,South Western Sydney
2557,South Western Sydney
2558,South Western Sydney
2559,South Western Sydney
2560,South Western Sydney
2560,South Eastern NSW
2563,South Western Sydney
2564,South Western Sydney
2565,South Western Sydney
2566,South Western Sydney
2567,South Western Sydney
2568,South Western Sydney
2569,South Western Sydney
2570,South Western Sydney
2571,South Western Sydney
2572,South Western Sydney
2573,South Western Sydney
2574,South Western Sydney
2574,South Eastern NSW
2575,South Western Sydney
2576,South Western Sydney
2577,South Western Sydney
2577,South Eastern NSW
2578,South Western Sydney
2579,South Western Sydney
2579,South Eastern NSW
2580,South Western Sydney
2580,South Eastern NSW
2580,Western NSW
2581,South Eastern NSW
2582,South Eastern NSW
2582,Murrumbidgee
2583,South Eastern NSW
2583,Murrumbidgee
2584,South Eastern NSW
2585,Murrumbidgee
2586,Murrumbidgee
2587,Murrumbidgee
2588,Murrumbidgee
2590,Murrumbidgee
2594,Western NSW
2594,Murrumbidgee
2600,Australian Capital Territory
2601,Australian Capital Territory
2602,Australian Capital Territory
2603,Australian Capital Territory
2604,Australian Capital Territory
2605,Australian Capital Territory
2606,Australian Capital Territory
2607,Australian Capital Territory
2609,Australian Capital Territory
2611,South Eastern NSW
2611,Murrumbidgee
2611,Australian Capital Territory
2612,Australian Capital Territory
2614,Australian Capital Territory
2615,Australian Capital Territory
2617,Australian Capital Territory
2618,South Eastern NSW
2618,Australian Capital Territory
2619,South Eastern NSW
2620,South Eastern NSW
2620,Australian Capital Territory
2621,South Eastern NSW
2622,South Eastern NSW
2623,South Eastern NSW
2624,South Eastern NSW
2625,South Eastern NSW
2626,South Eastern NSW
2627,South Eastern NSW
2627,Murrumbidgee
2628,South Eastern NSW
2629,South Eastern NSW
2629,Murrumbidgee
2630,South Eastern NSW
2631,South Eastern NSW
2632,South Eastern NSW
2633,South Eastern NSW
2640,Murrumbidgee
2640,Murray
2641,Murray
2642,Murrumbidgee
2643,Murrumbidgee
2644,Murrumbidgee
2645,Murrumbidgee
2646,Murrumbidgee
2647,Murrumbidgee
2648,Western NSW
2649,Murrumbidgee
2650,Murrumbidgee
2651,Murrumbidgee
2652,Murrumbidgee
2653,Murrumbidgee
2655,Murrumbidgee
2656,Murrumbidgee
2658,Murrumbidgee
2659,Murrumbidgee
2660,Murrumbidgee
2661,Murrumbidgee
2663,Murrumbidgee
2665,Murrumbidgee
2666,Murrumbidgee
2668,Murrumbidgee
2669,Murrumbidgee
2671,Western NSW
2671,Murrumbidgee
2672,Western NSW
2672,Murrumbidgee
2675,Murrumbidgee
2678,Murrumbidgee
2680,Murrumbidgee
2681,Murrumbidgee
2700,Murrumbidgee
2701,Murrumbidgee
2702,Murrumbidgee
2703,Murrumbidgee
2705,Murrumbidgee
2706,Murrumbidgee
2707,Murrumbidgee
2710,Murrumbidgee
2711,Western NSW
2711,Murrumbidgee
2712,Murrumbidgee
2713,Murrumbidgee
2714,Murrumbidgee
2715,Western NSW
2715,Murrumbidgee
2716,Murrumbidgee
2717,Western NSW
2720,Murrumbidgee
2721,Western NSW
2721,Murrumbidgee
2722,Murrumbidgee
2725,Murrumbidgee
2726,Murrumbidgee
2727,Murrumbidgee
2729,Murrumbidgee
2730,Murrumbidgee
2731,Murrumbidgee
2732,Murrumbidgee
2733,Murrumbidgee
2734,Murrumbidgee
2735,Murrumbidgee
2736,Murrumbidgee
2737,Western NSW
2738,Western NSW
2739,Western NSW
2745,Nepean Blue Mountains
2745,South Western Sydney
2747,Western Sydney
2747,Nepean Blue Mountains
2748,Nepean Blue Mountains
2749,Nepean Blue Mountains
2750,Nepean Blue Mountains
2752,South Western Sydney
2753,Nepean Blue Mountains
2754,Nepean Blue Mountains
2756,Northern Sydney
2756,Western Sydney
2756,Nepean Blue Mountains
2757,Nepean Blue Mountains
2758,Nepean Blue Mountains
2759,Nepean Blue Mountains
2760,Western Sydney
2760,Nepean Blue Mountains
2761,Western Sydney
2762,Western Sydney
2763,Western Sydney
2765,Western Sydney
2765,Nepean Blue Mountains
2766,Western Sydney
2767,Western Sydney
2768,Western Sydney
2769,Western Sydney
2770,Western Sydney
2773,Nepean Blue Mountains
2774,Nepean Blue Mountains
2775,Northern Sydney
2775,Western Sydney
2775,Nepean Blue Mountains
2775,Hunter New England and Central Coast
2776,Nepean Blue Mountains
2777,Nepean Blue Mountains
2778,Nepean Blue Mountains
2779,Nepean Blue Mountains
2780,Nepean Blue Mountains
2782,Nepean Blue Mountains
2783,Nepean Blue Mountains
2784,Nepean Blue Mountains
2785,Nepean Blue Mountains
2786,Nepean Blue Mountains
2787,Nepean Blue Mountains
2787,South Western Sydney
2787,South Eastern NSW
2787,Western NSW
2790,Nepean Blue Mountains
2790,Western NSW
2791,Western NSW
2792,Western NSW
2793,Western NSW
2794,Western NSW
2794,Murrumbidgee
2795,Nepean Blue Mountains
2795,Western NSW
2797,Western NSW
2798,Western NSW
2799,Western NSW
2800,Western NSW
2803,Murrumbidgee
2804,Western NSW
2805,Western NSW
2806,Western NSW
2807,Western NSW
2807,Murrumbidgee
2808,Western NSW
2808,Murrumbidgee
2809,Western NSW
2810,Western NSW
2817,Western NSW
2818,Western NSW
2820,Western NSW
2821,Western NSW
2822,Western NSW
2823,Western NSW
2824,Western NSW
2825,Western NSW
2826,Western NSW
2827,Western NSW
2828,Western NSW
2829,Western NSW
2830,Western NSW
2831,Western NSW
2832,Western NSW
2833,Western NSW
2833,Hunter New England and Central Coast
2834,Western NSW
2835,Western NSW
2836,Western NSW
2838,Western NSW
2839,Western NSW
2840,Western NSW
2842,Western NSW
2843,Western NSW
2844,Western NSW
2845,Nepean Blue Mountains
2846,Nepean Blue Mountains
2847,Nepean Blue Mountains
2848,Nepean Blue Mountains
2848,Western NSW
2849,Nepean Blue Mountains
2849,Western NSW
2850,Nepean Blue Mountains
2850,Western NSW
2850,Hunter New England and Central Coast
2852,Western NSW
2864,Western NSW
2865,Western NSW
2866,Western NSW
2867,Western NSW
2868,Western NSW
2869,Western NSW
2870,Western NSW
2871,Western NSW
2873,Western NSW
2874,Western NSW
2875,Western NSW
2876,Western NSW
2877,Western NSW
2878,Western NSW
2878,Murrumbidgee
2879,Western NSW
2880,Western NSW
2898,Central and Eastern Sydney
2899,Brisbane North
2900,Australian Capital Territory
2902,Australian Capital Territory
2903,Australian Capital Territory
2904,Australian Capital Territory
2905,Australian Capital Territory
2906,Australian Capital Territory
2911,Australian Capital Territory
2912,Australian Capital Territory
2913,Australian Capital Territory
2914,Australian Capital Territory
3000,North Western Melbourne
3002,North Western Melbourne
3003,North Western Melbourne
3004,North Western Melbourne
3004,South Eastern Melbourne
3006,North Western Melbourne
3006,South Eastern Melbourne
3008,North Western Melbourne
3008,South Eastern Melbourne
3011,North Western Melbourne
3012,North Western Melbourne
3013,North Western Melbourne
3015,North Western Melbourne
3016,North Western Melbourne
3018,North Western Melbourne
3019,North Western Melbourne
3020,North Western Melbourne
3021,North Western Melbourne
3022,North Western Melbourne
3023,North Western Melbourne
3024,North Western Melbourne
3025,North Western Melbourne
3026,North Western Melbourne
3027,North Western Melbourne
3028,North Western Melbourne
3029,North Western Melbourne
3030,North Western Melbourne
3031,North Western Melbourne
3032,North Western Melbourne
3033,North Western Melbourne
3034,North Western Melbourne
3036,North Western Melbourne
3037,North Western Melbourne
3038,North Western Melbourne
3039,North Western Melbourne
3040,North Western Melbourne
3041,North Western Melbourne
3042,North Western Melbourne
3043,North Western Melbourne
3044,North Western Melbourne
3045,North Western Melbourne
3046,North Western Melbourne
3047,North Western Melbourne
3048,North Western Melbourne
3049,North Western Melbourne
3051,North Western Melbourne
3052,North Western Melbourne
3053,North Western Melbourne
3054,North Western Melbourne
3055,North Western Melbourne
3056,North Western Melbourne
3057,North Western Melbourne
3058,North Western Melbourne
3059,North Western Melbourne
3060,North Western Melbourne
3061,North Western Melbourne
3062,North Western Melbourne
3063,North Western Melbourne
3064,North Western Melbourne
3064,Eastern Melbourne
3065,North Western Melbourne
3066,North Western Melbourne
3067,North Western Melbourne
3068,North Western Melbourne
3070,North Western Melbourne
3071,North Western Melbourne
3072,North Western Melbourne
3073,North Western Melbourne
3074,Eastern Melbourne
3075,Eastern Melbourne
3076,Eastern Melbourne
3078,North Western Melbourne
3079,Eastern Melbourne
3081,Eastern Melbourne
3082,Eastern Melbourne
3083,North Western Melbourne
3083,Eastern Melbourne
3084,Eastern Melbourne
3085,North Western Melbourne
3085,Eastern Melbourne
3087,Eastern Melbourne
3088,Eastern Melbourne
3089,Eastern Melbourne
3090,Eastern Melbourne
3091,Eastern Melbourne
3093,Eastern Melbourne
3094,Eastern Melbourne
3095,Eastern Melbourne
3096,Eastern Melbourne
3097,Eastern Melbourne
3099,Eastern Melbourne
3101,Eastern Melbourne
3102,Eastern Melbourne
3103,Eastern Melbourne
3104,Eastern Melbourne
3105,Eastern Melbourne
3106,Eastern Melbourne
3107,Eastern Melbourne
3108,Eastern Melbourne
3109,Eastern Melbourne
3111,Eastern Melbourne
3113,Eastern Melbourne
3114,Eastern Melbourne
3115,Eastern Melbourne
3116,Eastern Melbourne
3121,North Western Melbourne
3122,Eastern Melbourne
3123,Eastern Melbourne
3124,Eastern Melbourne
3125,Eastern Melbourne
3126,Eastern Melbourne
3127,Eastern Melbourne
3128,Eastern Melbourne
3129,Eastern Melbourne
3130,Eastern Melbourne
3131,Eastern Melbourne
3132,Eastern Melbourne
3133,Eastern Melbourne
3134,Eastern Melbourne
3135,Eastern Melbourne
3136,Eastern Melbourne
3137,Eastern Melbourne
3138,Eastern Melbourne
3139,Eastern Melbourne
3140,Eastern Melbourne
3141,North Western Melbourne
3141,South Eastern Melbourne
3142,South Eastern Melbourne
3143,South Eastern Melbourne
3144,South Eastern Melbourne
3145,South Eastern Melbourne
3146,Eastern Melbourne
3146,South Eastern Melbourne
3147,Eastern Melbourne
3148,Eastern Melbourne
3149,Eastern Melbourne
3150,Eastern Melbourne
3151,Eastern Melbourne
3152,Eastern Melbourne
3153,Eastern Melbourne
3154,Eastern Melbourne
3155,Eastern Melbourne
3156,Eastern Melbourne
3156,South Eastern Melbourne
3158,Eastern Melbourne
3159,Eastern Melbourne
3160,Eastern Melbourne
3161,South Eastern Melbourne
3162,South Eastern Melbourne
3163,South Eastern Melbourne
3165,South Eastern Melbourne
3166,Eastern Melbourne
3166,South Eastern Melbourne
3167,Eastern Melbourne
3167,South Eastern Melbourne
3168,Eastern Melbourne
3169,South Eastern Melbourne
3170,Eastern Melbourne
3171,South Eastern Melbourne
3172,South Eastern Melbourne
3173,South Eastern Melbourne
3174,South Eastern Melbourne
3175,South Eastern Melbourne
3177,South Eastern Melbourne
3178,Eastern Melbourne
3179,Eastern Melbourne
3180,Eastern Melbourne
3181,South Eastern Melbourne
3182,South Eastern Melbourne
3183,South Eastern Melbourne
3184,South Eastern Melbourne
3185,South Eastern Melbourne
3186,South Eastern Melbourne
3187,South Eastern Melbourne
3188,South Eastern Melbourne
3189,South Eastern Melbourne
3190,South Eastern Melbourne
3191,South Eastern Melbourne
3192,South Eastern Melbourne
3193,South Eastern Melbourne
3194,South Eastern Melbourne
3195,South Eastern Melbourne
3196,South Eastern Melbourne
3197,South Eastern Melbourne
3198,South Eastern Melbourne
3199,South Eastern Melbourne
3200,South Eastern Melbourne
3201,South Eastern Melbourne
3202,South Eastern Melbourne
3204,South Eastern Melbourne
3205,South Eastern Melbourne
3206,South Eastern Melbourne
3207,South Eastern Melbourne
3211,North Western Melbourne
3211,Western Victoria
3212,Western Victoria
3213,Western Victoria
3214,Western Victoria
3215,Western Victoria
3216,Western Victoria
3217,Western Victoria
3218,Western Victoria
3219,Western Victoria
3220,Western Victoria
3221,Western Victoria
3222,Western Victoria
3223,Western Victoria
3224,Western Victoria
3225,Western Victoria
3226,Western Victoria
3227,Western Victoria
3228,Western Victoria
3230,Western Victoria
3231,Western Victoria
3232,Western Victoria
3233,Western Victoria
3234,Western Victoria
3235,Western Victoria
3236,Western Victoria
3237,Western Victoria
3238,Western Victoria
3239,Western Victoria
3240,Western Victoria
3241,Western Victoria
3242,Western Victoria
3243,Western Victoria
3249,Western Victoria
3250,Western Victoria
3251,Western Victoria
3254,Western Victoria
3260,Western Victoria
3264,Western Victoria
3265,Western Victoria
3266,Western Victoria
3267,Western Victoria
3268,Western Victoria
3269,Western Victoria
3270,Western Victoria
3271,Western Victoria
3272,Western Victoria
3273,Western Victoria
3274,Western Victoria
3275,Western Victoria
3276,Western Victoria
3277,Western Victoria
3278,Western Victoria
3279,Western Victoria
3280,Western Victoria
3281,Western Victoria
3282,Western Victoria
3283,Western Victoria
3284,Western Victoria
3285,Western Victoria
3286,Western Victoria
3287,Western Victoria
3289,Western Victoria
3292,Western Victoria
3293,Western Victoria
3294,Western Victoria
3300,Western Victoria
3301,Western Victoria
3302,Western Victoria
3303,Western Victoria
3304,Western Victoria
3305,Western Victoria
3309,Western Victoria
3310,Western Victoria
3311,Western Victoria
3312,Western Victoria
3314,Western Victoria
3315,Western Victoria
3317,Western Victoria
3318,Western Victoria
3319,Western Victoria
3321,Western Victoria
3322,Western Victoria
3323,Western Victoria
3324,Western Victoria
3325,Western Victoria
3328,Western Victoria
3329,Western Victoria
3330,Western Victoria
3331,Western Victoria
3332,Western Victoria
3333,Western Victoria
3334,Western Victoria
3335,North Western Melbourne
3336,North Western Melbourne
3337,North Western Melbourne
3338,North Western Melbourne
3340,North Western Melbourne
3340,Western Victoria
3341,North Western Melbourne
3341,Western Victoria
3342,Western Victoria
3345,Western Victoria
3350,Western Victoria
3351,Western Victoria
3352,Western Victoria
3355,Western Victoria
3356,Western Victoria
3357,Western Victoria
3358,Western Victoria
3360,Western Victoria
3361,Western Victoria
3363,Western Victoria
3364,Murray
3364,Western Victoria
3370,Western Victoria
3371,Western Victoria
3373,Western Victoria
3374,Western Victoria
3375,Western Victoria
3377,Western Victoria
3378,Western Victoria
3379,Western Victoria
3380,Western Victoria
3381,Western Victoria
3384,Western Victoria
3385,Western Victoria
3387,Western Victoria
3388,Western Victoria
3390,Western Victoria
3391,Western Victoria
3392,Western Victoria
3393,Murray
3393,Western Victoria
3395,Murray
3395,Western Victoria
3396,Western Victoria
3400,Western Victoria
3401,Western Victoria
3407,Western Victoria
3409,Western Victoria
3412,Western Victoria
3413,Western Victoria
3414,Western Victoria
3415,Western Victoria
3418,Western Victoria
3419,Western Victoria
3420,Western Victoria
3423,Western Victoria
3424,Western Victoria
3427,North Western Melbourne
3428,North Western Melbourne
3429,North Western Melbourne
3430,North Western Melbourne
3431,North Western Melbourne
3432,North Western Melbourne
3433,North Western Melbourne
3434,North Western Melbourne
3435,North Western Melbourne
3435,Murray
3437,North Western Melbourne
3438,North Western Melbourne
3440,North Western Melbourne
3441,North Western Melbourne
3442,North Western Melbourne
3442,Murray
3444,Murray
3444,Western Victoria
3446,Murray
3446,Western Victoria
3447,Murray
3447,Western Victoria
3448,Murray
3450,Murray
3451,Murray
3451,Western Victoria
3453,Murray
3458,Murray
3458,Western Victoria
3460,Western Victoria
3461,Murray
3461,Western Victoria
3462,Murray
3463,Murray
3464,Western Victoria
3465,Western Victoria
3467,Western Victoria
3468,Western Victoria
3469,Western Victoria
3472,Murray
3472,Western Victoria
3475,Murray
3475,Western Victoria
3477,Murray
3477,Western Victoria
3478,Murray
3478,Western Victoria
3480,Murray
3480,Western Victoria
3482,Murray
3483,Murray
3485,Murray
3485,Western Victoria
3487,Western Victoria
3488,Murray
3488,Western Victoria
3489,Murray
3489,Western Victoria
3490,Murray
3490,Western Victoria
3491,Murray
3491,Western Victoria
3494,Murray
3496,Murray
3498,Murray
3500,Murray
3501,Murray
3505,Murray
3506,Murray
3507,Murray
3509,Murray
3512,Murray
3515,Murray
3516,Murray
3517,Murray
3518,Murray
3520,Murray
3521,Murray
3522,Murray
3523,Murray
3525,Murray
3527,Murray
3529,Murray
3530,Murray
3531,Murray
3533,Murray
3537,Murray
3540,Murray
3542,Murray
3544,Murray
3546,Murray
3549,Murray
3550,Murray
3551,Murray
3551,Western Victoria
3555,Murray
3556,Murray
3557,Murray
3558,Murray
3559,Murray
3561,Murray
3562,Murray
3563,Murray
3564,Murray
3565,Murray
3566,Murray
3567,Murray
3568,Murray
3570,Murray
3571,Murray
3572,Murray
3573,Murray
3575,Murray
3576,Murray
3579,Murray
3580,Murray
3581,Murray
3583,Murray
3584,Murray
3585,Murray
3586,Murray
3588,Murray
3589,Murray
3590,Murray
3591,Murray
3594,Murray
3595,Murray
3596,Murray
3597,Murray
3599,Murray
3607,Murray
3608,Murray
3610,Murray
3612,Murray
3614,Murray
3616,Murray
3617,Murray
3618,Murray
3620,Murray
3621,Murray
3622,Murray
3623,Murray
3624,Murray
3629,Murray
3630,Murray
3631,Murray
3633,Murray
3634,Murray
3635,Murray
3636,Murray
3637,Murray
3638,Murray
3639,Murray
3640,Murray
3641,Murray
3644,Murrumbidgee
3644,Murray
3646,Murray
3647,Murray
3649,Murray
3658,Eastern Melbourne
3658,Murray
3659,Murray
3660,Murray
3662,Murray
3663,Murray
3664,Murray
3665,Murray
3666,Murray
3669,Murray
3670,Murray
3672,Murray
3673,Murray
3675,Murray
3677,Murray
3678,Murray
3682,Murray
3683,Murray
3685,Murray
3687,Murray
3688,Murray
3690,Murray
3691,Murray
3695,Murray
3697,Murray
3698,Murray
3699,Gippsland
3699,Murray
3700,Murray
3701,Gippsland
3701,Murray
3704,Murray
3705,Murray
3707,Murrumbidgee
3707,Gippsland
3707,Murray
3708,Murray
3709,Murray
3711,Murray
3712,Murray
3713,Murray
3714,Murray
3715,Murray
3717,Murray
3718,Murray
3719,Murray
3720,Murray
3722,Murray
3723,Gippsland
3723,Murray
3725,Murray
3726,Murray
3727,Murray
3728,Murray
3730,Murray
3732,Murray
3733,Murray
3735,Murray
3737,Murray
3738,Murray
3739,Murray
3740,Murray
3741,Murray
3744,Murray
3746,Murray
3747,Murray
3749,Murray
3750,Eastern Melbourne
3751,Eastern Melbourne
3752,Eastern Melbourne
3753,Eastern Melbourne
3754,Eastern Melbourne
3755,Eastern Melbourne
3756,North Western Melbourne
3756,Eastern Melbourne
3757,Eastern Melbourne
3758,Eastern Melbourne
3759,Eastern Melbourne
3760,Eastern Melbourne
3761,Eastern Melbourne
3762,North Western Melbourne
3762,Eastern Melbourne
3763,Eastern Melbourne
3764,Murray
3765,Eastern Melbourne
3766,Eastern Melbourne
3767,Eastern Melbourne
3770,Eastern Melbourne
3775,Eastern Melbourne
3777,Eastern Melbourne
3778,Eastern Melbourne
3778,Murray
3779,Murray
3781,South Eastern Melbourne
3782,Eastern Melbourne
3782,South Eastern Melbourne
3783,South Eastern Melbourne
3785,Eastern Melbourne
3786,Eastern Melbourne
3787,Eastern Melbourne
3788,Eastern Melbourne
3789,Eastern Melbourne
3791,Eastern Melbourne
3792,Eastern Melbourne
3793,Eastern Melbourne
3795,Eastern Melbourne
3796,Eastern Melbourne
3797,Eastern Melbourne
3799,Eastern Melbourne
3799,Murray
3802,South Eastern Melbourne
3803,South Eastern Melbourne
3804,Eastern Melbourne
3804,South Eastern Melbourne
3805,South Eastern Melbourne
3806,South Eastern Melbourne
3807,South Eastern Melbourne
3808,South Eastern Melbourne
3809,South Eastern Melbourne
3810,South Eastern Melbourne
3812,South Eastern Melbourne
3813,South Eastern Melbourne
3814,South Eastern Melbourne
3815,South Eastern Melbourne
3816,South Eastern Melbourne
3816,Gippsland
3818,Gippsland
3820,Gippsland
3821,Gippsland
3822,Gippsland
3823,Gippsland
3824,Gippsland
3825,Gippsland
3831,Gippsland
3832,Gippsland
3833,Gippsland
3833,Murray
3835,Gippsland
3840,Gippsland
3842,Gippsland
3844,Gippsland
3847,Gippsland
3850,Gippsland
3851,Gippsland
3852,Gippsland
3854,Gippsland
3856,Gippsland
3857,Gippsland
3858,Gippsland
3858,Murray
3859,Gippsland
3860,Gippsland
3862,Gippsland
3862,Murray
3864,Gippsland
3865,Gippsland
3869,Gippsland
3870,Gippsland
3871,Gippsland
3873,Gippsland
3874,Gippsland
3875,Gippsland
3878,Gippsland
3880,Gippsland
3882,Gippsland
3885,Gippsland
3886,Gippsland
3887,Gippsland
3888,Gippsland
3889,Gippsland
3890,Gippsland
3891,Gippsland
3892,Gippsland
3893,Gippsland
3895,Gippsland
3896,Gippsland
3898,Gippsland
3898,Murray
3900,Gippsland
3902,Gippsland
3903,Gippsland
3904,Gippsland
3909,Gippsland
3910,South Eastern Melbourne
3911,South Eastern Melbourne
3912,South Eastern Melbourne
3913,South Eastern Melbourne
3915,South Eastern Melbourne
3916,South Eastern Melbourne
3918,South Eastern Melbourne
3919,South Eastern Melbourne
3920,South Eastern Melbourne
3921,Gippsland
3922,Gippsland
3923,Gippsland
3925,Gippsland
3926,South Eastern Melbourne
3927,South Eastern Melbourne
3928,South Eastern Melbourne
3929,South Eastern Melbourne
3930,South Eastern Melbourne
3931,South Eastern Melbourne
3933,South Eastern Melbourne
3934,South Eastern Melbourne
3936,South Eastern Melbourne
3937,South Eastern Melbourne
3938,South Eastern Melbourne
3939,South Eastern Melbourne
3940,South Eastern Melbourne
3941,South Eastern Melbourne
3942,South Eastern Melbourne
3943,South Eastern Melbourne
3944,South Eastern Melbourne
3945,Gippsland
3946,Gippsland
3950,Gippsland
3951,Gippsland
3953,Gippsland
3954,Gippsland
3956,Gippsland
3957,Gippsland
3958,Gippsland
3959,Gippsland
3960,Gippsland
3962,Gippsland
3964,Gippsland
3965,Gippsland
3966,Gippsland
3967,Gippsland
3971,Gippsland
3975,South Eastern Melbourne
3976,South Eastern Melbourne
3977,South Eastern Melbourne
3978,South Eastern Melbourne
3979,Gippsland
3980,South Eastern Melbourne
3981,South Eastern Melbourne
3981,Gippsland
3984,South Eastern Melbourne
3984,Gippsland
3987,South Eastern Melbourne
3987,Gippsland
3988,Gippsland
3990,Gippsland
3991,Gippsland
3992,Gippsland
3995,Gippsland
3996,Gippsland
4000,Brisbane North
4005,Brisbane North
4006,Brisbane North
4007,Brisbane North
4008,Brisbane North
4009,Brisbane North
4010,Brisbane North
4011,Brisbane North
4012,Brisbane North
4013,Brisbane North
4014,Brisbane North
4017,Brisbane North
4018,Brisbane North
4019,Brisbane North
4020,Brisbane North
4021,Brisbane North
4022,Brisbane North
4025,Brisbane South
4030,Brisbane North
4031,Brisbane North
4032,Brisbane North
4034,Brisbane North
4035,Brisbane North
4036,Brisbane North
4037,Brisbane North
4051,Brisbane North
4053,Brisbane North
4054,Brisbane North
4055,Brisbane North
4059,Brisbane North
4060,Brisbane North
4061,Brisbane North
4064,Brisbane North
4065,Brisbane North
4066,Brisbane North
4067,Brisbane North
4068,Brisbane North
4068,Brisbane South
4069,Brisbane North
4070,Brisbane North
4073,Brisbane South
4074,Brisbane South
4075,Brisbane South
4076,Brisbane South
4077,Brisbane South
4078,Brisbane South
4101,Brisbane South
4102,Brisbane South
4103,Brisbane South
4104,Brisbane South
4105,Brisbane South
4106,Brisbane South
4107,Brisbane South
4108,Brisbane South
4109,Brisbane South
4110,Brisbane South
4111,Brisbane South
4112,Brisbane South
4113,Brisbane South
4114,Brisbane South
4115,Brisbane South
4116,Brisbane South
4117,Brisbane South
4118,Brisbane South
4119,Brisbane South
4120,Brisbane South
4121,Brisbane South
4122,Brisbane South
4123,Brisbane South
4124,Brisbane South
4125,Brisbane South
4127,Brisbane South
4128,Brisbane South
4129,Brisbane South
4130,Brisbane South
4131,Brisbane South
4132,Brisbane South
4133,Brisbane South
4151,Brisbane South
4152,Brisbane South
4153,Brisbane South
4154,Brisbane South
4155,Brisbane South
4156,Brisbane South
4157,Brisbane South
4158,Brisbane South
4159,Brisbane South
4160,Brisbane South
4161,Brisbane South
4163,Brisbane South
4164,Brisbane South
4165,Brisbane South
4169,Brisbane South
4170,Brisbane South
4171,Brisbane South
4172,Brisbane South
4173,Brisbane South
4174,Brisbane South
4178,Brisbane South
4179,Brisbane South
4183,Brisbane South
4184,Brisbane South
4205,Brisbane South
4207,Brisbane South
4207,Gold Coast
4208,Gold Coast
4209,Gold Coast
4210,Gold Coast
4211,Gold Coast
4212,Gold Coast
4213,Gold Coast
4214,Gold Coast
4215,Gold Coast
4216,Gold Coast
4217,Gold Coast
4218,Gold Coast
4220,Gold Coast
4221,Gold Coast
4223,Gold Coast
4224,Gold Coast
4225,Gold Coast
4226,Gold Coast
4227,Gold Coast
4228,Gold Coast
4270,Brisbane South
4270,Gold Coast
4272,Gold Coast
4275,Brisbane South
4275,Gold Coast
4280,Brisbane South
4285,Brisbane South
4285,Gold Coast
4287,Brisbane South
4300,Darling Downs and West Moreton
4301,Darling Downs and West Moreton
4303,Darling Downs and West Moreton
4304,Darling Downs and West Moreton
4305,Darling Downs and West Moreton
4306,Darling Downs and West Moreton
4307,Darling Downs and West Moreton
4309,Darling Downs and West Moreton
4310,Darling Downs and West Moreton
4311,Darling Downs and West Moreton
4312,Darling Downs and West Moreton
4313,Darling Downs and West Moreton
4314,Darling Downs and West Moreton
4340,Darling Downs and West Moreton
4341,Darling Downs and West Moreton
4342,Darling Downs and West Moreton
4343,Darling Downs and West Moreton
4344,Darling Downs and West Moreton
4346,Darling Downs and West Moreton
4347,Darling Downs and West Moreton
4350,Darling Downs and West Moreton
4352,Darling Downs and West Moreton
4353,Darling Downs and West Moreton
4354,Darling Downs and West Moreton
4355,Darling Downs and West Moreton
4356,Darling Downs and West Moreton
4357,Darling Downs and West Moreton
4358,Darling Downs and West Moreton
4359,Darling Downs and West Moreton
4360,Darling Downs and West Moreton
4361,Darling Downs and West Moreton
4362,Darling Downs and West Moreton
4363,Darling Downs and West Moreton
4364,Darling Downs and West Moreton
4365,Darling Downs and West Moreton
4370,Darling Downs and West Moreton
4371,Darling Downs and West Moreton
4372,Darling Downs and West Moreton
4373,Darling Downs and West Moreton
4374,Darling Downs and West Moreton
4375,Hunter New England and Central Coast
4375,Darling Downs and West Moreton
4376,Darling Downs and West Moreton
4377,Hunter New England and Central Coast
4377,Darling Downs and West Moreton
4378,Darling Downs and West Moreton
4380,Hunter New England and Central Coast
4380,Darling Downs and West Moreton
4381,Darling Downs and West Moreton
4382,Darling Downs and West Moreton
4383,Hunter New England and Central Coast
4383,Darling Downs and West Moreton
4384,Darling Downs and West Moreton
4385,Hunter New England and Central Coast
4385,Darling Downs and West Moreton
4387,Darling Downs and West Moreton
4388,Darling Downs and West Moreton
4390,Darling Downs and West Moreton
4400,Darling Downs and West Moreton
4401,Darling Downs and West Moreton
4402,Darling Downs and West Moreton
4403,Darling Downs and West Moreton
4404,Darling Downs and West Moreton
4405,Darling Downs and West Moreton
4406,Darling Downs and West Moreton
4407,Darling Downs and West Moreton
4408,Darling Downs and West Moreton
4410,Darling Downs and West Moreton
4411,Darling Downs and West Moreton
4412,Darling Downs and West Moreton
4413,Darling Downs and West Moreton
4415,Darling Downs and West Moreton
4416,Darling Downs and West Moreton
4417,Western Queensland
4418,Darling Downs and West Moreton
4419,Darling Downs and West Moreton
4420,Darling Downs and West Moreton
4420,"Central Queensland, Wide Bay, Sunshine Coast"
4421,Darling Downs and West Moreton
4422,Darling Downs and West Moreton
4423,Darling Downs and West Moreton
4423,Western Queensland
4424,Darling Downs and West Moreton
4425,Darling Downs and West Moreton
4426,Darling Downs and West Moreton
4426,Western Queensland
4427,Darling Downs and West Moreton
4427,Western Queensland
4428,Darling Downs and West Moreton
4428,Western Queensland
4454,Western Queensland
4454,"Central Queensland, Wide Bay, Sunshine Coast"
4455,Western Queensland
4461,Western Queensland
4462,Western Queensland
4465,Western Queensland
4467,Western Queensland
4468,Western Queensland
4470,Western Queensland
4472,Western Queensland
4474,Western Queensland
4477,Western Queensland
4478,Western Queensland
4479,Western Queensland
4480,Western Queensland
4481,Western Queensland
4482,Western Queensland
4486,Western Queensland
4487,Western Queensland
4488,Western Queensland
4489,Western Queensland
4490,Western Queensland
4491,Western Queensland
4492,Western Queensland
4493,Western Queensland
4494,Darling Downs and West Moreton
4496,Darling Downs and West Moreton
4497,Darling Downs and West Moreton
4497,Western Queensland
4498,Darling Downs and West Moreton
4500,Brisbane North
4501,Brisbane North
4502,Brisbane North
4503,Brisbane North
4504,Brisbane North
4505,Brisbane North
4506,Brisbane North
4507,Brisbane North
4508,Brisbane North
4509,Brisbane North
4510,Brisbane North
4511,Brisbane North
4512,Brisbane North
4514,Brisbane North
4515,Brisbane North
4515,Darling Downs and West Moreton
4516,Brisbane North
4517,"Central Queensland, Wide Bay, Sunshine Coast"
4518,"Central Queensland, Wide Bay, Sunshine Coast"
4519,"Central Queensland, Wide Bay, Sunshine Coast"
4520,Brisbane North
4521,Brisbane North
4550,"Central Queensland, Wide Bay, Sunshine Coast"
4551,"Central Queensland, Wide Bay, Sunshine Coast"
4552,Brisbane North
4552,"Central Queensland, Wide Bay, Sunshine Coast"
4553,"Central Queensland, Wide Bay, Sunshine Coast"
4554,"Central Queensland, Wide Bay, Sunshine Coast"
4555,"Central Queensland, Wide Bay, Sunshine Coast"
4556,"Central Queensland, Wide Bay, Sunshine Coast"
4557,"Central Queensland, Wide Bay, Sunshine Coast"
4558,"Central Queensland, Wide Bay, Sunshine Coast"
4559,"Central Queensland, Wide Bay, Sunshine Coast"
4560,"Central Queensland, Wide Bay, Sunshine Coast"
4561,"Central Queensland, Wide Bay, Sunshine Coast"
4562,"Central Queensland, Wide Bay, Sunshine Coast"
4563,"Central Queensland, Wide Bay, Sunshine Coast"
4564,"Central Queensland, Wide Bay, Sunshine Coast"
4565,"Central Queensland, Wide Bay, Sunshine Coast"
4566,"Central Queensland, Wide Bay, Sunshine Coast"
4567,"Central Queensland, Wide Bay, Sunshine Coast"
4568,"Central Queensland, Wide Bay, Sunshine Coast"
4569,"Central Queensland, Wide Bay, Sunshine Coast"
4570,"Central Queensland, Wide Bay, Sunshine Coast"
4571,"Central Queensland, Wide Bay, Sunshine Coast"
4572,"Central Queensland, Wide Bay, Sunshine Coast"
4573,"Central Queensland, Wide Bay, Sunshine Coast"
4574,"Central Queensland, Wide Bay, Sunshine Coast"
4575,"Central Queensland, Wide Bay, Sunshine Coast"
4580,
4580,"Central Queensland, Wide Bay, Sunshine Coast"
4581,
4581,"Central Queensland, Wide Bay, Sunshine Coast"
4600,"Central Queensland, Wide Bay, Sunshine Coast"
4601,"Central Queensland, Wide Bay, Sunshine Coast"
4605,Darling Downs and West Moreton
4605,"Central Queensland, Wide Bay, Sunshine Coast"
4606,Darling Downs and West Moreton
4608,Darling Downs and West Moreton
4610,Darling Downs and West Moreton
4611,Darling Downs and West Moreton
4612,Darling Downs and West Moreton
4613,Darling Downs and West Moreton
4614,Darling Downs and West Moreton
4615,Darling Downs and West Moreton
4615,"Central Queensland, Wide Bay, Sunshine Coast"
4620,"Central Queensland, Wide Bay, Sunshine Coast"
4621,"Central Queensland, Wide Bay, Sunshine Coast"
4625,"Central Queensland, Wide Bay, Sunshine Coast"
4626,"Central Queensland, Wide Bay, Sunshine Coast"
4627,"Central Queensland, Wide Bay, Sunshine Coast"
4630,"Central Queensland, Wide Bay, Sunshine Coast"
4650,"Central Queensland, Wide Bay, Sunshine Coast"
4655,"Central Queensland, Wide Bay, Sunshine Coast"
4659,"Central Queensland, Wide Bay, Sunshine Coast"
4660,"Central Queensland, Wide Bay, Sunshine Coast"
4662,"Central Queensland, Wide Bay, Sunshine Coast"
4670,"Central Queensland, Wide Bay, Sunshine Coast"
4671,"Central Queensland, Wide Bay, Sunshine Coast"
4673,"Central Queensland, Wide Bay, Sunshine Coast"
4674,"Central Queensland, Wide Bay, Sunshine Coast"
4676,"Central Queensland, Wide Bay, Sunshine Coast"
4677,"Central Queensland, Wide Bay, Sunshine Coast"
4678,"Central Queensland, Wide Bay, Sunshine Coast"
4680,"Central Queensland, Wide Bay, Sunshine Coast"
4694,"Central Queensland, Wide Bay, Sunshine Coast"
4695,"Central Queensland, Wide Bay, Sunshine Coast"
4697,"Central Queensland, Wide Bay, Sunshine Coast"
4699,"Central Queensland, Wide Bay, Sunshine Coast"
4700,"Central Queensland, Wide Bay, Sunshine Coast"
4701,"Central Queensland, Wide Bay, Sunshine Coast"
4702,"Central Queensland, Wide Bay, Sunshine Coast"
4703,"Central Queensland, Wide Bay, Sunshine Coast"
4704,"Central Queensland, Wide Bay, Sunshine Coast"
4705,"Central Queensland, Wide Bay, Sunshine Coast"
4705,Northern Queensland
4706,"Central Queensland, Wide Bay, Sunshine Coast"
4707,Northern Queensland
4709,"Central Queensland, Wide Bay, Sunshine Coast"
4710,"Central Queensland, Wide Bay, Sunshine Coast"
4711,"Central Queensland, Wide Bay, Sunshine Coast"
4712,"Central Queensland, Wide Bay, Sunshine Coast"
4713,"Central Queensland, Wide Bay, Sunshine Coast"
4714,"Central Queensland, Wide Bay, Sunshine Coast"
4715,"Central Queensland, Wide Bay, Sunshine Coast"
4716,"Central Queensland, Wide Bay, Sunshine Coast"
4717,"Central Queensland, Wide Bay, Sunshine Coast"
4718,"Central Queensland, Wide Bay, Sunshine Coast"
4719,"Central Queensland, Wide Bay, Sunshine Coast"
4720,"Central Queensland, Wide Bay, Sunshine Coast"
4721,"Central Queensland, Wide Bay, Sunshine Coast"
4721,Northern Queensland
4722,"Central Queensland, Wide Bay, Sunshine Coast"
4723,"Central Queensland, Wide Bay, Sunshine Coast"
4724,Western Queensland
4725,Western Queensland
4726,Western Queensland
4727,Western Queensland
4728,Western Queensland
4730,Western Queensland
4731,Western Queensland
4732,Western Queensland
4733,Western Queensland
4735,Western Queensland
4736,Western Queensland
4737,Northern Queensland
4738,Northern Queensland
4739,Northern Queensland
4740,Northern Queensland
4741,"Central Queensland, Wide Bay, Sunshine Coast"
4741,Northern Queensland
4742,Northern Queensland
4743,Northern Queensland
4744,Northern Queensland
4745,Northern Queensland
4746,Northern Queensland
4750,Northern Queensland
4751,Northern Queensland
4753,Northern Queensland
4754,Northern Queensland
4756,Northern Queensland
4757,Northern Queensland
4798,Northern Queensland
4799,Northern Queensland
4800,Northern Queensland
4802,
4802,Northern Queensland
4804,Northern Queensland
4805,Northern Queensland
4806,Northern Queensland
4807,Northern Queensland
4808,Northern Queensland
4809,Western Queensland
4809,Northern Queensland
4810,Northern Queensland
4811,Northern Queensland
4812,Northern Queensland
4814,Northern Queensland
4815,Northern Queensland
4816,Western Queensland
4816,Northern Queensland
4817,Northern Queensland
4818,Northern Queensland
4819,Northern Queensland
4820,Northern Queensland
4821,Northern Queensland
4822,Northern Queensland
4823,Western Queensland
4824,Western Queensland
4825,Western Queensland
4825,Northern Territory
4828,Western Queensland
4829,Western Queensland
4830,Western Queensland
4849,Northern Queensland
4850,Northern Queensland
4852,Northern Queensland
4854,Northern Queensland
4855,Northern Queensland
4856,Northern Queensland
4858,Northern Queensland
4859,Northern Queensland
4860,Northern Queensland
4861,Northern Queensland
4865,Northern Queensland
4868,Northern Queensland
4869,Northern Queensland
4870,Northern Queensland
4871,Western Queensland
4871,"Central Queensland, Wide Bay, Sunshine Coast"
4871,Northern Queensland
4872,Northern Queensland
4873,Northern Queensland
4874,
4874,Northern Queensland
4875,
4875,Northern Queensland
4876,Northern Queensland
4877,Northern Queensland
4878,Northern Queensland
4879,Northern Queensland
4880,Northern Queensland
4881,Northern Queensland
4882,Northern Queensland
4883,Northern Queensland
4884,Northern Queensland
4885,Northern Queensland
4886,Northern Queensland
4887,Northern Queensland
4888,Northern Queensland
4890,Western Queensland
4891,Western Queensland
4892,Western Queensland
4892,Northern Queensland
4895,Northern Queensland
5000,Adelaide
5006,Adelaide
5007,Adelaide
5008,Adelaide
5009,Adelaide
5010,Adelaide
5011,Adelaide
5012,Adelaide
5013,Adelaide
5014,Adelaide
5015,Adelaide
5016,Adelaide
5017,Adelaide
5018,Adelaide
5019,Adelaide
5020,Adelaide
5021,Adelaide
5022,Adelaide
5023,Adelaide
5024,Adelaide
5025,Adelaide
5031,Adelaide
5032,Adelaide
5033,Adelaide
5034,Adelaide
5035,Adelaide
5037,Adelaide
5038,Adelaide
5039,Adelaide
5040,Adelaide
5041,Adelaide
5042,Adelaide
5043,Adelaide
5044,Adelaide
5045,Adelaide
5046,Adelaide
5047,Adelaide
5048,Adelaide
5049,Adelaide
5050,Adelaide
5051,Adelaide
5052,Adelaide
5052,Country SA
5061,Adelaide
5062,Adelaide
5063,Adelaide
5064,Adelaide
5065,Adelaide
5066,Adelaide
5067,Adelaide
5068,Adelaide
5069,Adelaide
5070,Adelaide
5072,Adelaide
5072,Country SA
5073,Adelaide
5073,Country SA
5074,Adelaide
5075,Adelaide
5076,Adelaide
5076,Country SA
5081,Adelaide
5082,Adelaide
5083,Adelaide
5084,Adelaide
5085,Adelaide
5086,Adelaide
5087,Adelaide
5088,Adelaide
5089,Adelaide
5090,Adelaide
5091,Adelaide
5092,Adelaide
5093,Adelaide
5094,Adelaide
5095,Adelaide
5096,Adelaide
5097,Adelaide
5098,Adelaide
5106,Adelaide
5107,Adelaide
5108,Adelaide
5109,Adelaide
5110,Adelaide
5111,Adelaide
5112,Adelaide
5113,Adelaide
5114,Adelaide
5114,Country SA
5115,Adelaide
5115,Country SA
5116,Adelaide
5116,Country SA
5117,Adelaide
5118,Adelaide
5118,Country SA
5120,Adelaide
5121,Adelaide
5125,Adelaide
5126,Adelaide
5127,Adelaide
5131,Adelaide
5131,Country SA
5132,Adelaide
5132,Country SA
5133,Country SA
5134,Country SA
5136,Country SA
5137,Country SA
5138,Country SA
5139,Country SA
5140,Country SA
5141,Country SA
5142,Country SA
5144,Country SA
5150,Adelaide
5151,Country SA
5152,Adelaide
5152,Country SA
5153,Adelaide
5153,Country SA
5154,Country SA
5155,Country SA
5156,Adelaide
5156,Country SA
5157,Adelaide
5157,Country SA
5158,Adelaide
5159,Adelaide
5160,Adelaide
5161,Adelaide
5162,Adelaide
5163,Adelaide
5164,Adelaide
5165,Adelaide
5166,Adelaide
5167,Adelaide
5168,Adelaide
5169,Adelaide
5170,Adelaide
5171,Adelaide
5172,Adelaide
5172,Country SA
5173,Adelaide
5174,Adelaide
5174,Country SA
5201,Adelaide
5201,Country SA
5202,Country SA
5203,Country SA
5204,Country SA
5210,Country SA
5211,Country SA
5212,Country SA
5213,Country SA
5214,Country SA
5220,Country SA
5221,Country SA
5222,Country SA
5223,
5223,Country SA
5231,Country SA
5232,Country SA
5233,Country SA
5234,Country SA
5235,Country SA
5236,Country SA
5237,Country SA
5238,Country SA
5240,Country SA
5241,Country SA
5242,Country SA
5243,Country SA
5244,Country SA
5245,Country SA
5250,Country SA
5251,Country SA
5252,Country SA
5253,Country SA
5254,Country SA
5255,Country SA
5256,Country SA
5259,Country SA
5260,Country SA
5261,Country SA
5262,Country SA
5263,Country SA
5264,Country SA
5265,Country SA
5266,Country SA
5267,Country SA
5268,Country SA
5269,Country SA
5270,Country SA
5271,Country SA
5272,Country SA
5273,Country SA
5275,Country SA
5276,Country SA
5277,Country SA
5278,Country SA
5279,Country SA
5280,Country SA
5290,Country SA
5291,Country SA
5301,Country SA
5302,Country SA
5303,Country SA
5304,Country SA
5306,Country SA
5307,Country SA
5308,Country SA
5309,Country SA
5310,Country SA
5311,Country SA
5320,Country SA
5321,Country SA
5322,Country SA
5330,Country SA
5331,Country SA
5332,Country SA
5333,Country SA
5340,Country SA
5341,Country SA
5342,Country SA
5343,Country SA
5344,Country SA
5345,Country SA
5346,Country SA
5350,Country SA
5351,Country SA
5352,Country SA
5353,Country SA
5354,Country SA
5355,Country SA
5356,Country SA
5357,Country SA
5360,Country SA
5371,Country SA
5372,Country SA
5373,Country SA
5374,Country SA
5381,Country SA
5400,Country SA
5401,Country SA
5410,Country SA
5411,Country SA
5412,Country SA
5413,Country SA
5414,Country SA
5415,Country SA
5416,Country SA
5417,Country SA
5418,Country SA
5419,Country SA
5420,Country SA
5421,Country SA
5422,Country SA
5431,Country SA
5432,Country SA
5433,Country SA
5434,Country SA
5440,Country SA
5451,Country SA
5452,Country SA
5453,Country SA
5454,Country SA
5455,Country SA
5460,Country SA
5461,Country SA
5462,Country SA
5464,Country SA
5470,Country SA
5471,Country SA
5472,Country SA
5473,Country SA
5480,Country SA
5481,Country SA
5482,Country SA
5483,Country SA
5485,Country SA
5490,Country SA
5491,Country SA
5493,Country SA
5495,Country SA
5501,Country SA
5502,Country SA
5510,Country SA
5520,Country SA
5521,Country SA
5522,Country SA
5523,Country SA
5540,Country SA
5550,Country SA
5552,Country SA
5554,Country SA
5555,Country SA
5556,Country SA
5558,Country SA
5560,Country SA
5570,Country SA
5571,Country SA
5572,Country SA
5573,Country SA
5575,Country SA
5576,Country SA
5577,Country SA
5580,Country SA
5581,Country SA
5582,Country SA
5583,Country SA
5600,Country SA
5601,Country SA
5602,Country SA
5603,Country SA
5604,Country SA
5605,Country SA
5606,Country SA
5607,Country SA
5608,Country SA
5609,Country SA
5611,Country SA
5630,Country SA
5631,Country SA
5632,Country SA
5633,Country SA
5640,Country SA
5641,Country SA
5642,Country SA
5650,Country SA
5651,Country SA
5652,Country SA
5653,Country SA
5654,Country SA
5655,Country SA
5660,Country SA
5661,Country SA
5670,Country SA
5671,Country SA
5680,Country SA
5690,Country SA
5700,Country SA
5701,Country SA
5710,Country SA
5713,Country SA
5715,Country SA
5717,Country SA
5719,Country SA
5720,Country SA
5722,Country SA
5723,Country SA
5724,Country SA
5725,Country SA
5730,Country SA
5731,Country SA
5732,Country SA
5733,Country SA
5734,Country SA
5950,Adelaide
6000,
6000,Perth North
6003,Perth North
6004,Perth North
6005,Perth North
6006,Perth North
6007,Perth North
6008,Perth North
6009,Perth North
6010,Perth North
6011,Perth North
6012,Perth North
6014,Perth North
6015,Perth North
6016,Perth North
6017,Perth North
6018,Perth North
6019,Perth North
6020,Perth North
6021,Perth North
6022,Perth North
6023,Perth North
6024,Perth North
6025,Perth North
6026,Perth North
6027,Perth North
6028,Perth North
6029,Perth North
6030,Perth North
6031,Perth North
6032,Perth North
6033,Perth North
6034,Perth North
6035,Perth North
6036,Perth North
6037,Perth North
6038,Perth North
6041,Country WA
6042,Country WA
6043,Country WA
6044,Country WA
6050,Perth North
6051,Perth North
6052,Perth North
6053,Perth North
6054,Perth North
6055,Perth North
6055,Perth South
6056,Perth North
6057,Perth North
6058,Perth North
6059,Perth North
6060,Perth North
6061,Perth North
6062,Perth North
6063,Perth North
6064,Perth North
6065,Perth North
6066,Perth North
6067,Perth North
6068,Perth North
6069,Perth North
6070,Perth North
6071,Perth North
6072,Perth North
6073,Perth North
6074,Perth North
6076,Perth North
6077,Perth North
6078,Perth North
6079,Perth North
6081,Perth North
6082,Perth North
6083,Perth North
6083,Country WA
6084,Perth North
6084,Country WA
6090,Perth North
6100,Perth South
6101,Perth South
6102,Perth South
6103,Perth South
6104,Perth South
6105,Perth North
6105,Perth South
6106,Perth South
6107,Perth North
6107,Perth South
6108,Perth South
6109,Perth South
6110,Perth South
6111,Perth North
6111,Perth South
6112,Perth South
6121,Perth South
6122,Perth South
6123,Perth South
6124,Perth South
6125,Perth South
6126,Perth South
6147,Perth South
6148,Perth South
6149,Perth South
6150,Perth South
6151,Perth South
6152,Perth South
6153,Perth South
6154,Perth South
6155,Perth South
6156,Perth South
6157,Perth South
6158,Perth South
6159,Perth South
6160,Perth South
6161,Perth South
6162,Perth South
6163,Perth South
6164,Perth South
6165,Perth South
6166,Perth South
6167,Perth South
6168,Perth South
6169,Perth South
6170,Perth South
6171,Perth South
6172,Perth South
6173,Perth South
6174,Perth South
6175,Perth South
6176,Perth South
6180,Perth South
6181,Perth South
6182,Perth South
6207,Perth South
6208,Perth South
6209,Perth South
6210,Perth South
6211,Perth South
6213,Perth South
6214,Perth South
6215,Perth South
6218,Country WA
6219,Country WA
6220,Country WA
6221,Country WA
6223,Country WA
6224,Country WA
6225,Country WA
6226,Country WA
6227,Country WA
6228,Country WA
6229,Country WA
6230,Country WA
6232,Country WA
6233,Country WA
6236,Country WA
6237,Country WA
6239,Country WA
6240,Country WA
6243,Country WA
6244,Country WA
6251,Country WA
6252,Country WA
6253,Country WA
6254,Country WA
6255,Country WA
6256,Country WA
6258,Country WA
6260,Country WA
6262,Country WA
6271,Country WA
6275,Country WA
6280,Country WA
6281,Country WA
6282,Country WA
6284,Country WA
6285,Country WA
6286,Country WA
6288,Country WA
6290,Country WA
6302,Country WA
6304,Country WA
6306,Country WA
6308,Country WA
6309,Country WA
6311,Country WA
6312,Country WA
6313,Country WA
6315,Country WA
6316,Country WA
6317,Country WA
6318,Country WA
6320,Country WA
6321,Country WA
6322,Country WA
6323,Country WA
6324,Country WA
6326,Country WA
6327,Country WA
6328,Country WA
6330,Country WA
6333,Country WA
6335,Country WA
6336,Country WA
6337,Country WA
6338,Country WA
6341,Country WA
6343,Country WA
6346,Country WA
6348,Country WA
6350,Country WA
6351,Country WA
6352,Country WA
6353,Country WA
6355,Country WA
6356,Country WA
6357,Country WA
6358,Country WA
6359,Country WA
6361,Country WA
6363,Country WA
6365,Country WA
6367,Country WA
6368,Country WA
6369,Country WA
6370,Country WA
6372,Country WA
6373,Country WA
6375,Country WA
6383,Country WA
6384,Country WA
6385,Country WA
6386,Country WA
6390,Country WA
6391,Country WA
6392,Country WA
6393,Country WA
6394,Country WA
6395,Country WA
6396,Country WA
6397,Country WA
6398,Country WA
6401,Country WA
6403,Country WA
6405,Country WA
6407,Country WA
6409,Country WA
6410,Country WA
6411,Country WA
6412,Country WA
6413,Country WA
6414,Country WA
6415,Country WA
6418,Country WA
6419,Country WA
6420,Country WA
6421,Country WA
6422,Country WA
6423,Country WA
6424,Country WA
6425,Country WA
6426,Country WA
6427,Country WA
6428,Country WA
6429,Country WA
6430,Country WA
6431,Country WA
6432,Country WA
6434,Country WA
6436,Country WA
6437,Country WA
6438,Country WA
6440,Country WA
6442,Country WA
6443,Country WA
6445,Country WA
6446,Country WA
6447,Country WA
6448,Country WA
6450,Country WA
6452,Country WA
6460,Country WA
6461,Country WA
6462,Country WA
6463,Country WA
6465,Country WA
6466,Country WA
6467,Country WA
6468,Country WA
6470,Country WA
6472,Country WA
6473,Country WA
6475,Country WA
6476,Country WA
6477,Country WA
6479,Country WA
6480,Country WA
6484,Country WA
6485,Country WA
6487,Country WA
6488,Country WA
6489,Country WA
6490,Country WA
6501,Country WA
6502,Country WA
6503,Country WA
6504,Country WA
6505,Country WA
6506,Country WA
6507,Country WA
6509,Country WA
6510,Country WA
6511,Country WA
6512,Country WA
6513,Country WA
6514,Country WA
6515,Country WA
6516,Country WA
6517,Country WA
6518,Country WA
6519,Country WA
6521,Country WA
6522,Country WA
6525,Country WA
6528,Country WA
6530,Country WA
6532,Country WA
6535,Country WA
6536,Country WA
6537,Country WA
6556,Perth North
6558,Perth North
6560,Country WA
6562,Country WA
6564,Country WA
6566,Country WA
6567,Country WA
6568,Country WA
6569,Country WA
6571,Country WA
6572,Country WA
6574,Country WA
6575,Country WA
6603,Country WA
6605,Country WA
6606,Country WA
6608,Country WA
6609,Country WA
6612,Country WA
6613,Country WA
6614,Country WA
6616,Country WA
6620,Country WA
6623,Country WA
6625,Country WA
6627,Country WA
6628,Country WA
6630,Country WA
6631,Country WA
6632,Country WA
6635,Country WA
6638,Country WA
6639,Country WA
6640,Country WA
6642,Country WA
6646,Country WA
6701,
6701,Country WA
6705,Country WA
6707,Country WA
6710,Country WA
6712,Country WA
6713,Country WA
6714,Country WA
6716,Country WA
6718,Country WA
6720,Country WA
6721,Country WA
6722,Country WA
6725,Country WA
6726,Country WA
6728,Country WA
6740,Country WA
6743,Country WA
6751,Country WA
6753,Country WA
6754,Country WA
6758,Country WA
6760,Country WA
6762,Country WA
6765,Country WA
6770,Country WA
6798,Perth South
6799,Perth South
7000,Tasmania
7004,Tasmania
7005,Tasmania
7007,Tasmania
7008,Tasmania
7009,Tasmania
7010,Tasmania
7011,Tasmania
7012,Tasmania
7015,Tasmania
7016,Tasmania
7017,Tasmania
7018,Tasmania
7019,Tasmania
7020,Tasmania
7021,Tasmania
7022,Tasmania
7023,Tasmania
7024,Tasmania
7025,Tasmania
7026,Tasmania
7027,Tasmania
7030,Tasmania
7050,Tasmania
7052,Tasmania
7053,Tasmania
7054,Tasmania
7055,Tasmania
7109,Tasmania
7112,Tasmania
7113,Tasmania
7116,Tasmania
7117,Tasmania
7119,Tasmania
7120,Tasmania
7139,Tasmania
7140,Tasmania
7150,Tasmania
7155,Tasmania
7162,Tasmania
7163,Tasmania
7170,Tasmania
7171,Tasmania
7172,Tasmania
7173,Tasmania
7174,Tasmania
7175,Tasmania
7176,Tasmania
7177,Tasmania
7178,Tasmania
7179,Tasmania
7180,Tasmania
7182,Tasmania
7183,Tasmania
7184,Tasmania
7185,Tasmania
7186,Tasmania
7187,Tasmania
7190,Tasmania
7209,Tasmania
7210,Tasmania
7211,Tasmania
7212,Tasmania
7213,Tasmania
7214,Tasmania
7215,Tasmania
7216,Tasmania
7248,Tasmania
7249,Tasmania
7250,Tasmania
7252,Tasmania
7253,Tasmania
7254,Tasmania
7255,Tasmania
7256,Tasmania
7257,Tasmania
7258,Tasmania
7259,Tasmania
7260,Tasmania
7261,Tasmania
7262,Tasmania
7263,Tasmania
7264,Tasmania
7265,Tasmania
7267,Tasmania
7268,Tasmania
7270,Tasmania
7275,Tasmania
7276,Tasmania
7277,Tasmania
7290,Tasmania
7291,Tasmania
7292,Tasmania
7300,Tasmania
7301,Tasmania
7302,Tasmania
7303,Tasmania
7304,Tasmania
7305,Tasmania
7306,Tasmania
7307,Tasmania
7310,Tasmania
7315,Tasmania
7316,Tasmania
7320,Tasmania
7321,Tasmania
7322,Tasmania
7325,Tasmania
7330,Tasmania
7331,Tasmania
7466,Tasmania
7467,Tasmania
7468,Tasmania
7469,Tasmania
7470,Tasmania
9494,
9797,
ZZZZ,Outside Australia
,Central and Eastern Sydney
,Hunter New England and Central Coast
